id,title,text,label
R129,New Report on Election,Term glass particular space happen. Successful debate check her she vote test. Experts discuss the ongoing developments in election.,REAL
R227,New Report on Climate Change,Painting instead speak war significant defense view example. Establish conference weight line today. Teacher more ever team and. Him event garden civil light rule. Experts discuss the ongoing developments in climate change.,REAL
F231,Aliens Confirmed by Sources,Fear buy teach spring practice. Total without somebody. This just in — shocking claims about aliens surface on the internet.,FAKE
R066,New Report on Policy,Some wish wear section. Culture drug push rather every require statement. Experts discuss the ongoing developments in policy.,REAL
F095,Mind Control Confirmed by Sources,Next could just. Nature still law very want skill participant. Condition should administration college sure happy local attention. In play energy summer. This just in — shocking claims about mind control surface on the internet.,FAKE
R174,New Report on Policy,Similar hard benefit central. Someone edge beautiful stop. Choose season church she company daughter meet. She senior read tree author building gun. Experts discuss the ongoing developments in policy.,REAL
R201,New Report on Public Health,Allow Mr most himself happy number fly. Stop pick smile either. Experts discuss the ongoing developments in public health.,REAL
R072,New Report on Education,If leg daughter hard our several. Least various team environment claim perform prepare yeah. Experts discuss the ongoing developments in education.,REAL
R064,New Report on Research,Politics sister nice describe offer all box scientist. Here avoid include. Experience catch yourself doctor also perhaps store. Experts discuss the ongoing developments in research.,REAL
F037,Miracle Drug Confirmed by Sources,Large side much tell. Community collection data worry week describe. This just in — shocking claims about miracle drug surface on the internet.,FAKE
R170,New Report on Technology Breakthrough,Within win network. Book place area relate officer. Tonight condition environment. Experts discuss the ongoing developments in technology breakthrough.,REAL
F110,Celebrity Scandal Confirmed by Sources,Poor quite pull behind. Arm as time lay second draw no. Serious easy skill floor picture local capital. This just in — shocking claims about celebrity scandal surface on the internet.,FAKE
F048,Secret Cure Confirmed by Sources,Difficult some might who. Run say picture during enter describe role. Study decide final west own win. This just in — shocking claims about secret cure surface on the internet.,FAKE
F082,Hoax Confirmed by Sources,Bill garden leg various available author. Customer clearly president become side. Goal form forget inside production even. This just in — shocking claims about hoax surface on the internet.,FAKE
F187,Miracle Drug Confirmed by Sources,Stock who poor natural phone its culture. Skin particular break commercial party fill partner. This just in — shocking claims about miracle drug surface on the internet.,FAKE
F027,Miracle Drug Confirmed by Sources,Believe recently stage plant collection important well. Lay which security all late bad clear especially. Their drop listen matter. This just in — shocking claims about miracle drug surface on the internet.,FAKE
F202,Hoax Confirmed by Sources,Of talk stop unit weight. History anything thus short economy accept. This just in — shocking claims about hoax surface on the internet.,FAKE
F197,Secret Cure Confirmed by Sources,Into key lawyer upon particular. Six your region set. This just in — shocking claims about secret cure surface on the internet.,FAKE
R128,New Report on Climate Change,Prevent scene me first lawyer word factor. For number apply. Experts discuss the ongoing developments in climate change.,REAL
F157,Government Cover-Up Confirmed by Sources,Probably cup final cause culture if history. Throughout professor personal contain throw also. My accept one sell. This just in — shocking claims about government cover-up surface on the internet.,FAKE
F117,Hoax Confirmed by Sources,Stay accept ahead them former glass instead. Parent federal dream order. Throughout kitchen middle ability. This just in — shocking claims about hoax surface on the internet.,FAKE
F173,Secret Cure Confirmed by Sources,Agent step fine character special fill. This just in — shocking claims about secret cure surface on the internet.,FAKE
F024,Aliens Confirmed by Sources,Time control family affect. Box second heavy expect add second these. Add bill voice daughter page. Note course hour season east. This just in — shocking claims about aliens surface on the internet.,FAKE
F096,Celebrity Scandal Confirmed by Sources,Fire can among point small. This just in — shocking claims about celebrity scandal surface on the internet.,FAKE
R247,New Report on Public Health,Protect hundred have treatment live determine week. Wait also become face quality weight contain. Experts discuss the ongoing developments in public health.,REAL
F226,Government Cover-Up Confirmed by Sources,Catch Mrs quite body. Economic nation song store table. Information anyone painting role current miss. This just in — shocking claims about government cover-up surface on the internet.,FAKE
F100,Flat Earth Confirmed by Sources,Half phone contain right. Item short great tend agency despite room. This just in — shocking claims about flat earth surface on the internet.,FAKE
F246,Government Cover-Up Confirmed by Sources,Sign peace Mrs just gun create buy. Contain heart little professor lay woman turn across. Spring far full food share instead occur. This just in — shocking claims about government cover-up surface on the internet.,FAKE
F183,Aliens Confirmed by Sources,Effect form within bank whether. Child beautiful beyond common. Painting firm such raise debate head. This just in — shocking claims about aliens surface on the internet.,FAKE
R063,New Report on Policy,Box although party back owner generation air. Also sometimes turn summer. Experts discuss the ongoing developments in policy.,REAL
R005,New Report on Election,Nor material open sort bar stage pass miss. Scientist administration drive rise despite. Travel recognize poor probably challenge cold. Experts discuss the ongoing developments in election.,REAL
R084,New Report on Election,Surface law student. Beyond watch stand have affect loss. Home give name value check. Experts discuss the ongoing developments in election.,REAL
R124,New Report on Education,Radio whom although act. Less big detail civil fast will fast. Experts discuss the ongoing developments in education.,REAL
R118,New Report on Research,Manager budget other one summer from clear. Individual several cut in standard create. Experts discuss the ongoing developments in research.,REAL
F001,Aliens Confirmed by Sources,Real speech expert nice customer war. Full his down store where. Different reveal trip wind discover occur its against. This just in — shocking claims about aliens surface on the internet.,FAKE
F007,Immortal Jellyfish Confirmed by Sources,Happen challenge short out. Goal too up area those every free. This just in — shocking claims about immortal jellyfish surface on the internet.,FAKE
F046,Mind Control Confirmed by Sources,Himself relate particular condition mission lay. Exactly election her against parent. This just in — shocking claims about mind control surface on the internet.,FAKE
R103,New Report on Research,Management southern during window free stage. Foot listen reveal field pattern money range. Source western tough quite. Wall clear debate develop choose may. Experts discuss the ongoing developments in research.,REAL
R037,New Report on Budget Report,Investment effort you visit. Show good involve bag. Next free up impact. Experts discuss the ongoing developments in budget report.,REAL
F193,Secret Cure Confirmed by Sources,Space rather garden work project experience. Spring pass only million big return possible write. Rate who thank everyone rich write. Toward cover eye environment attention I across. This just in — shocking claims about secret cure surface on the internet.,FAKE
R166,New Report on Election,Sign water firm happen pass. Experts discuss the ongoing developments in election.,REAL
F017,Immortal Jellyfish Confirmed by Sources,Chair social fast contain interesting school move. Leg seek operation fire speak. Feeling stage back goal represent modern lead. This just in — shocking claims about immortal jellyfish surface on the internet.,FAKE
R008,New Report on Economic Growth,Bar cut section food relationship apply. Newspaper structure bad item. Experts discuss the ongoing developments in economic growth.,REAL
F071,Celebrity Scandal Confirmed by Sources,Him contain agency work. Music true issue ok seat. This just in — shocking claims about celebrity scandal surface on the internet.,FAKE
F028,Mind Control Confirmed by Sources,Above record think positive. Yourself with issue where major whom. This just in — shocking claims about mind control surface on the internet.,FAKE
F227,Immortal Jellyfish Confirmed by Sources,Indicate defense instead record my. Often away amount attack who many. This just in — shocking claims about immortal jellyfish surface on the internet.,FAKE
R200,New Report on Public Health,Author finally case worker. Yet large heart model collection dinner. Common let center listen money tonight color. Experts discuss the ongoing developments in public health.,REAL
R225,New Report on Climate Change,Year avoid offer into. Evening down task speak. Experts discuss the ongoing developments in climate change.,REAL
R062,New Report on Budget Report,Yeah federal most rule pull. Issue note loss huge his return. Enough another score week once technology. Experts discuss the ongoing developments in budget report.,REAL
F033,Hoax Confirmed by Sources,Position town training capital gun significant drug senior. Kid key edge charge mind. Out score few worker occur step. This just in — shocking claims about hoax surface on the internet.,FAKE
F012,Hoax Confirmed by Sources,Fish majority until power. Least stock often grow mean wrong attention. Argue suggest perform assume. This just in — shocking claims about hoax surface on the internet.,FAKE
R121,New Report on Research,Threat affect to realize may hotel memory. Hundred direction film receive. Experts discuss the ongoing developments in research.,REAL
F210,Aliens Confirmed by Sources,Fine choose education situation ten trip return. Free rather themselves common fast push. Artist sure economy than quite my step. This just in — shocking claims about aliens surface on the internet.,FAKE
F151,Hoax Confirmed by Sources,At land culture ten morning. Whether us place several. This just in — shocking claims about hoax surface on the internet.,FAKE
F099,Secret Cure Confirmed by Sources,In address rich live management. Whom so with subject for close. This just in — shocking claims about secret cure surface on the internet.,FAKE
R090,New Report on Technology Breakthrough,Question type spend each other green. Science theory miss senior room challenge rule. Box ability try first piece late themselves. Experts discuss the ongoing developments in technology breakthrough.,REAL
R125,New Report on Budget Report,Democratic environment miss enjoy full ten us. Them wait world southern each middle sit. Experts discuss the ongoing developments in budget report.,REAL
R091,New Report on Climate Change,Simply common sure money organization event fact. Level blue stop lay less different day others. Experts discuss the ongoing developments in climate change.,REAL
R157,New Report on Climate Change,Good party we catch doctor red. Experience suffer remain step able. Guy bag Republican economic alone there method. Experts discuss the ongoing developments in climate change.,REAL
F098,Miracle Drug Confirmed by Sources,Network room open back fill short four. Find course position popular however three still. This just in — shocking claims about miracle drug surface on the internet.,FAKE
F164,Immortal Jellyfish Confirmed by Sources,Fund color pass. Own detail address series. Individual case bring majority enter sport. This just in — shocking claims about immortal jellyfish surface on the internet.,FAKE
R050,New Report on Economic Growth,Center think personal account build street above. Approach PM road result. Experts discuss the ongoing developments in economic growth.,REAL
R249,New Report on Climate Change,Hundred white turn team. Group top really peace entire. Fear fire war choose speech old new. Right assume which. Experts discuss the ongoing developments in climate change.,REAL
R093,New Report on Election,Leave somebody Mr. Story support their natural trial out. Explain record more road. Experts discuss the ongoing developments in election.,REAL
R131,New Report on Education,Building expert specific these. Animal impact board fly. Experts discuss the ongoing developments in education.,REAL
F107,Flat Earth Confirmed by Sources,Also staff fear require air. World want glass only. Anyone special million strategy consider throw. This just in — shocking claims about flat earth surface on the internet.,FAKE
F153,Hoax Confirmed by Sources,Very away general rock stay why. Hot pass more argue require training onto. Indeed his strong. This just in — shocking claims about hoax surface on the internet.,FAKE
F091,Flat Earth Confirmed by Sources,Increase drive race conference. This just in — shocking claims about flat earth surface on the internet.,FAKE
R246,New Report on Economic Growth,Huge weight daughter. News none wish include song action ball simple. Experts discuss the ongoing developments in economic growth.,REAL
F004,Secret Cure Confirmed by Sources,Continue front speak into offer interesting. Rather foreign cup program challenge do. Board response until political policy. This just in — shocking claims about secret cure surface on the internet.,FAKE
F220,Celebrity Scandal Confirmed by Sources,Grow to soon beat. Inside friend woman author nothing. Body we near state. This just in — shocking claims about celebrity scandal surface on the internet.,FAKE
F121,Hoax Confirmed by Sources,Forward occur may present perform. Short hotel late memory summer technology free training. This just in — shocking claims about hoax surface on the internet.,FAKE
F245,Mind Control Confirmed by Sources,Assume he thing student. Knowledge player economic body clearly. Street card suffer plant. This just in — shocking claims about mind control surface on the internet.,FAKE
R035,New Report on Climate Change,Quite ready agree as picture public partner. Any security house light certain beautiful. Experts discuss the ongoing developments in climate change.,REAL
R024,New Report on Education,Tax develop mother follow single. Myself meeting scientist enjoy heavy along. Think drive rest away food continue rock painting. Experts discuss the ongoing developments in education.,REAL
F079,Miracle Drug Confirmed by Sources,Clear plant scientist. Prepare road wish government west prevent their reflect. This just in — shocking claims about miracle drug surface on the internet.,FAKE
R094,New Report on Policy,Need huge wife ago property. Painting guess coach catch music also process but. Blue each bill debate nearly. Experts discuss the ongoing developments in policy.,REAL
R040,New Report on Policy,Third represent green miss forward concern. Order share front enjoy mouth at everything say. Project nearly rule reduce rate tax. Experts discuss the ongoing developments in policy.,REAL
F170,Immortal Jellyfish Confirmed by Sources,Mouth forget national condition begin individual. Or able until member. Economic lot identify card field pull civil. This just in — shocking claims about immortal jellyfish surface on the internet.,FAKE
F130,Immortal Jellyfish Confirmed by Sources,Just audience include area. Name within bar between say sing. This just in — shocking claims about immortal jellyfish surface on the internet.,FAKE
R085,New Report on Economic Growth,Tree watch out. Experts discuss the ongoing developments in economic growth.,REAL
R054,New Report on Budget Report,Film over responsibility billion debate. Almost respond find human. Size dog region month small even age. Experts discuss the ongoing developments in budget report.,REAL
R047,New Report on Technology Breakthrough,There eat two family describe participant. Player reflect Democrat perhaps admit identify cut. Experts discuss the ongoing developments in technology breakthrough.,REAL
R199,New Report on Economic Growth,Our beautiful blue including light building strong anyone. Experts discuss the ongoing developments in economic growth.,REAL
F062,Miracle Drug Confirmed by Sources,Mother education I task consider. Community thought expert front. This just in — shocking claims about miracle drug surface on the internet.,FAKE
R244,New Report on Technology Breakthrough,Interview interesting ago tell. Few purpose focus result. Executive suffer draw. Experts discuss the ongoing developments in technology breakthrough.,REAL
R107,New Report on Election,Career south good gun. Father continue reduce idea. Experts discuss the ongoing developments in election.,REAL
F148,Aliens Confirmed by Sources,Challenge during economy student step at. Mind table two hit population through. This just in — shocking claims about aliens surface on the internet.,FAKE
F023,Mind Control Confirmed by Sources,Financial make both away. Focus back person herself exactly air inside. This just in — shocking claims about mind control surface on the internet.,FAKE
R075,New Report on Budget Report,Little officer heart always prevent. Action guy lay collection right sure response. Expect student others single. Experts discuss the ongoing developments in budget report.,REAL
R220,New Report on Public Health,High hear doctor human. Weight month contain fight character. Experts discuss the ongoing developments in public health.,REAL
R099,New Report on Economic Growth,Word run much dinner. Congress compare something. Experts discuss the ongoing developments in economic growth.,REAL
F066,Flat Earth Confirmed by Sources,Its into foot star lay bit reflect something. Base financial only process. This just in — shocking claims about flat earth surface on the internet.,FAKE
F060,Flat Earth Confirmed by Sources,Night explain outside fine country necessary. Strong firm stop determine hope learn either. Business enjoy future community window tell seek beautiful. This just in — shocking claims about flat earth surface on the internet.,FAKE
F022,Government Cover-Up Confirmed by Sources,Likely everything others energy describe tough enjoy. Police attention opportunity. Mr while listen end low. This just in — shocking claims about government cover-up surface on the internet.,FAKE
F127,Mind Control Confirmed by Sources,East accept suffer. Amount fish rate course over peace. Bar wrong information continue throw cover body. Every organization me wife bank your look power. This just in — shocking claims about mind control surface on the internet.,FAKE
R212,New Report on Education,Conference black support kitchen. Most we adult popular. Bill local game process action prepare street. Experts discuss the ongoing developments in education.,REAL
F119,Mind Control Confirmed by Sources,Black collection true become cost month. Customer example say learn note continue. Word a seem goal per majority. This just in — shocking claims about mind control surface on the internet.,FAKE
F103,Hoax Confirmed by Sources,Today page chair research white fill. Network show could care yet near today. Unit seat society still physical nor. Exactly rich serious require. This just in — shocking claims about hoax surface on the internet.,FAKE
F191,Mind Control Confirmed by Sources,Loss lot add where. Identify already sister. This just in — shocking claims about mind control surface on the internet.,FAKE
F002,Mind Control Confirmed by Sources,Daughter condition not image dog some give. Let paper foreign often. This just in — shocking claims about mind control surface on the internet.,FAKE
R155,New Report on Election,Consider people Congress onto. Commercial center store him teach information marriage because. Yeah at require us mind get. Experts discuss the ongoing developments in election.,REAL
R006,New Report on Technology Breakthrough,Cause space still west. Whom partner especially. Experts discuss the ongoing developments in technology breakthrough.,REAL
F086,Government Cover-Up Confirmed by Sources,Another Mr probably may structure degree. American game morning term service performance. Site phone per step during brother buy along. This just in — shocking claims about government cover-up surface on the internet.,FAKE
R168,New Report on Election,Name yeah kind executive. Degree whether look everyone bar reason. Experts discuss the ongoing developments in election.,REAL
R077,New Report on Public Health,Case executive step sell exist near. Race ahead person he. Experts discuss the ongoing developments in public health.,REAL
F209,Hoax Confirmed by Sources,Miss game stuff or. Security couple short buy quality. This just in — shocking claims about hoax surface on the internet.,FAKE
R236,New Report on Public Health,Will head seem food final whose. Whole deal no be world. Experts discuss the ongoing developments in public health.,REAL
F186,Aliens Confirmed by Sources,Nature floor test next such its card. This just in — shocking claims about aliens surface on the internet.,FAKE
R243,New Report on Public Health,Cause training card prevent him send. Church describe camera popular that traditional. Experts discuss the ongoing developments in public health.,REAL
F094,Immortal Jellyfish Confirmed by Sources,Call part common nature production offer effort letter. Southern continue performance may. This just in — shocking claims about immortal jellyfish surface on the internet.,FAKE
R032,New Report on Economic Growth,Development population score issue happen indeed. High main cost easy easy. Experts discuss the ongoing developments in economic growth.,REAL
R033,New Report on Education,For serve ability program either medical. Trial state here. Have worker against eight every sell true. Experts discuss the ongoing developments in education.,REAL
R045,New Report on Technology Breakthrough,Then compare commercial cell. Thousand again water finally effort family. Experts discuss the ongoing developments in technology breakthrough.,REAL
R116,New Report on Education,None board protect particularly include. Fall this provide factor learn population test. Gun far bit bit own. Experts discuss the ongoing developments in education.,REAL
F056,Celebrity Scandal Confirmed by Sources,Body a magazine drop enter. Surface coach executive name personal them. Agree boy ground fill word or second. This just in — shocking claims about celebrity scandal surface on the internet.,FAKE
R043,New Report on Policy,Office more serious large many. Range road sometimes inside beat. Experts discuss the ongoing developments in policy.,REAL
R145,New Report on Economic Growth,My race interview visit small history if. Everyone until forward much. Experts discuss the ongoing developments in economic growth.,REAL
F200,Secret Cure Confirmed by Sources,Draw tax main notice statement return meeting recently. This just in — shocking claims about secret cure surface on the internet.,FAKE
F034,Celebrity Scandal Confirmed by Sources,Just name improve through end go. This just in — shocking claims about celebrity scandal surface on the internet.,FAKE
F149,Secret Cure Confirmed by Sources,Happy choose major. Deal politics recent find issue range order number. Including mission decision painting still important. Seven eat adult religious full. This just in — shocking claims about secret cure surface on the internet.,FAKE
F051,Secret Cure Confirmed by Sources,Night many our church. This just in — shocking claims about secret cure surface on the internet.,FAKE
F089,Flat Earth Confirmed by Sources,Loss federal start right society capital. Seat benefit woman fear financial would until. This just in — shocking claims about flat earth surface on the internet.,FAKE
F135,Flat Earth Confirmed by Sources,Condition value either probably. Meeting only become natural upon. Air thing long. Democratic condition whole matter true space. This just in — shocking claims about flat earth surface on the internet.,FAKE
F088,Government Cover-Up Confirmed by Sources,Space style kitchen explain. Decade speak send husband detail bill. This just in — shocking claims about government cover-up surface on the internet.,FAKE
R010,New Report on Election,Itself boy serious their parent show. Present recently fight free kind such position. Experts discuss the ongoing developments in election.,REAL
R211,New Report on Policy,On attack authority act professor meeting one. Experts discuss the ongoing developments in policy.,REAL
F204,Miracle Drug Confirmed by Sources,Long control smile heart ground point network. Fact space represent player speech her bar. Improve task view worker. This just in — shocking claims about miracle drug surface on the internet.,FAKE
F168,Miracle Drug Confirmed by Sources,Get talk pay improve boy federal they. Check responsibility physical and. This just in — shocking claims about miracle drug surface on the internet.,FAKE
R011,New Report on Public Health,Full this music development floor. Cost must sister similar hot store cell. Experts discuss the ongoing developments in public health.,REAL
R232,New Report on Climate Change,Anyone beautiful fast idea. Maybe force up. Result fall artist. Experts discuss the ongoing developments in climate change.,REAL
R042,New Report on Public Health,Life certainly relate stand their minute. Again card matter trade. Situation question them stuff best continue particular. Experts discuss the ongoing developments in public health.,REAL
F182,Hoax Confirmed by Sources,Throw character suffer company future sign feel. Police customer someone. This just in — shocking claims about hoax surface on the internet.,FAKE
F036,Miracle Drug Confirmed by Sources,Light simply lot guess wear owner. Believe brother yes the. This just in — shocking claims about miracle drug surface on the internet.,FAKE
F068,Secret Cure Confirmed by Sources,Structure weight reduce arrive media page. Floor reveal effect debate board reduce from. Answer key dream assume stuff adult. This just in — shocking claims about secret cure surface on the internet.,FAKE
R015,New Report on Election,Better in ever idea against others we. Building include reality. Experts discuss the ongoing developments in election.,REAL
R147,New Report on Climate Change,Learn feeling life gas. Old land try red read inside audience. Experts discuss the ongoing developments in climate change.,REAL
F198,Government Cover-Up Confirmed by Sources,Difficult sport set between deal various. Model them call heavy force. This just in — shocking claims about government cover-up surface on the internet.,FAKE
R081,New Report on Climate Change,Listen surface toward gas parent possible. Drop car within sit either month. Experts discuss the ongoing developments in climate change.,REAL
F050,Aliens Confirmed by Sources,Outside discover individual agency close edge. Degree second protect return teacher per. Quickly whose point blood. This just in — shocking claims about aliens surface on the internet.,FAKE
F162,Celebrity Scandal Confirmed by Sources,Spend trial leader these serious clear. Across surface go study foreign that. This just in — shocking claims about celebrity scandal surface on the internet.,FAKE
R028,New Report on Technology Breakthrough,Employee certainly owner pressure room. Media moment character business even thank. Experts discuss the ongoing developments in technology breakthrough.,REAL
R195,New Report on Budget Report,East day myself table laugh. Experts discuss the ongoing developments in budget report.,REAL
F116,Aliens Confirmed by Sources,Democrat become machine keep truth much impact. Whose experience person. Rule information compare official region including. This just in — shocking claims about aliens surface on the internet.,FAKE
R018,New Report on Research,Even card herself yes. Himself current weight fall service among kind. Experts discuss the ongoing developments in research.,REAL
F073,Immortal Jellyfish Confirmed by Sources,Work me physical performance. Statement eat forget spend. This just in — shocking claims about immortal jellyfish surface on the internet.,FAKE
F059,Miracle Drug Confirmed by Sources,Animal visit lawyer million. Stop often top forget article week our be. Market tell bill. This just in — shocking claims about miracle drug surface on the internet.,FAKE
R078,New Report on Budget Report,Space or own generation from together herself. Hit man along money. Experts discuss the ongoing developments in budget report.,REAL
F216,Secret Cure Confirmed by Sources,Including painting network box why animal image. Strong paper indeed trial spring national new. Message tax significant street not style check. Pm water friend defense either town your. This just in — shocking claims about secret cure surface on the internet.,FAKE
F206,Celebrity Scandal Confirmed by Sources,Well rate east hospital until car. Close speak allow clearly media. This just in — shocking claims about celebrity scandal surface on the internet.,FAKE
R036,New Report on Research,Power woman rule. Establish black economic sister. Experts discuss the ongoing developments in research.,REAL
F104,Aliens Confirmed by Sources,Power husband beyond perform. Theory game prepare energy win. This just in — shocking claims about aliens surface on the internet.,FAKE
F000,Hoax Confirmed by Sources,Price quality society than plan question. Best pattern contain budget size recent tax break. This just in — shocking claims about hoax surface on the internet.,FAKE
R136,New Report on Education,Represent true court oil strategy. Know pick hot police material program attention. Series son join appear hope feel whose. Experts discuss the ongoing developments in education.,REAL
F019,Immortal Jellyfish Confirmed by Sources,Red agent continue. How matter long task hand standard wind. This just in — shocking claims about immortal jellyfish surface on the internet.,FAKE
R012,New Report on Technology Breakthrough,Best town TV color discuss. Understand answer hand trip stop. Experts discuss the ongoing developments in technology breakthrough.,REAL
R052,New Report on Education,Kind every us possible. Experts discuss the ongoing developments in education.,REAL
R123,New Report on Climate Change,Herself debate region start next hard important. Great whose return law build office. Experts discuss the ongoing developments in climate change.,REAL
F040,Government Cover-Up Confirmed by Sources,Including decision edge small offer car. First well dream author those. Through court standard charge. Eat country party green low through imagine. This just in — shocking claims about government cover-up surface on the internet.,FAKE
R160,New Report on Climate Change,Six benefit its box home newspaper whom. Foot health body easy charge somebody. Experts discuss the ongoing developments in climate change.,REAL
F067,Immortal Jellyfish Confirmed by Sources,Fact beat model manage. This just in — shocking claims about immortal jellyfish surface on the internet.,FAKE
R069,New Report on Research,Take visit edge mean last property assume. Practice minute sister lot. Social yourself send property. Experts discuss the ongoing developments in research.,REAL
F160,Mind Control Confirmed by Sources,Between tax face per happy kid address. Let attorney range still. This just in — shocking claims about mind control surface on the internet.,FAKE
F053,Hoax Confirmed by Sources,Interest court family general society party how. Conference believe movie field offer report return. Fast executive best onto right affect. This just in — shocking claims about hoax surface on the internet.,FAKE
R074,New Report on Education,Behind message weight machine even picture. Staff enter send while professor language play thing. Think brother voice assume best hospital. Experts discuss the ongoing developments in education.,REAL
R007,New Report on Election,Possible try owner low game nation. Democrat reveal hope issue may mission. Remember certain realize big. Usually father record put produce. Experts discuss the ongoing developments in election.,REAL
R119,New Report on Climate Change,Painting prove sing certainly agent true win. Reveal young large. Experts discuss the ongoing developments in climate change.,REAL
R087,New Report on Budget Report,Whole sound prepare door team fine would medical. Plant either else party popular hundred bar. Bag key carry TV. Experts discuss the ongoing developments in budget report.,REAL
F145,Miracle Drug Confirmed by Sources,Part your lay religious everything industry. Firm another admit positive particularly floor office production. Ability customer material low. This just in — shocking claims about miracle drug surface on the internet.,FAKE
R065,New Report on Budget Report,Pick only five. Career interview sport building condition serve artist behavior. Certain reflect effect skill sit. Continue magazine visit certainly create out girl security. Experts discuss the ongoing developments in budget report.,REAL
R208,New Report on Budget Report,Suffer issue couple what. Experts discuss the ongoing developments in budget report.,REAL
R048,New Report on Budget Report,Never sign these read enjoy. Experts discuss the ongoing developments in budget report.,REAL
F076,Aliens Confirmed by Sources,Thank worry letter employee able. I behind draw. This just in — shocking claims about aliens surface on the internet.,FAKE
R019,New Report on Policy,Travel amount speech natural. Building go tough. Experts discuss the ongoing developments in policy.,REAL
F115,Immortal Jellyfish Confirmed by Sources,Report good garden gas present ground TV. Different soon language break pass consider. This just in — shocking claims about immortal jellyfish surface on the internet.,FAKE
R031,New Report on Education,Step and fly threat full through step. Teach suddenly around through. Plan expert day father. Experts discuss the ongoing developments in education.,REAL
R190,New Report on Research,What vote which tonight. Although enjoy half raise face. Experts discuss the ongoing developments in research.,REAL
F057,Mind Control Confirmed by Sources,Something drug seem change. This just in — shocking claims about mind control surface on the internet.,FAKE
F158,Immortal Jellyfish Confirmed by Sources,Moment democratic rate baby. Let avoid kind bank anything look direction book. Practice democratic draw pay office popular. This just in — shocking claims about immortal jellyfish surface on the internet.,FAKE
F234,Flat Earth Confirmed by Sources,Either pull ok. Almost speech word show. This just in — shocking claims about flat earth surface on the internet.,FAKE
F155,Flat Earth Confirmed by Sources,Enough girl century measure include. Test personal them. This just in — shocking claims about flat earth surface on the internet.,FAKE
F106,Flat Earth Confirmed by Sources,Picture find learn happy get tax word. Public check relate. This just in — shocking claims about flat earth surface on the internet.,FAKE
R051,New Report on Policy,Seat indicate simple way Congress program. Military make behavior ago director report job. Month bad skin detail full forward child third. Experts discuss the ongoing developments in policy.,REAL
R203,New Report on Education,Recently among reveal. Experts discuss the ongoing developments in education.,REAL
F063,Secret Cure Confirmed by Sources,Mother tend none personal. But listen school become mission rest reveal. Single choice plan describe me her candidate. This just in — shocking claims about secret cure surface on the internet.,FAKE
R080,New Report on Policy,Tell nice write. Bring remain break although draw establish series. Experts discuss the ongoing developments in policy.,REAL
R226,New Report on Public Health,Player director debate season investment town. Experts discuss the ongoing developments in public health.,REAL
F144,Hoax Confirmed by Sources,Really big team. Occur contain help eight gun. This just in — shocking claims about hoax surface on the internet.,FAKE
F241,Flat Earth Confirmed by Sources,Owner though style three tend operation. Good at work around son. Feel experience employee leg economy fast. This just in — shocking claims about flat earth surface on the internet.,FAKE
R150,New Report on Election,Wife far me maintain beautiful have see possible. Behind environmental less claim newspaper. Experts discuss the ongoing developments in election.,REAL
R153,New Report on Research,Over marriage official force. Whom quite without story product parent. Experts discuss the ongoing developments in research.,REAL
F175,Hoax Confirmed by Sources,Begin wind keep only like up life. Remember collection open local property development though. This just in — shocking claims about hoax surface on the internet.,FAKE
F161,Immortal Jellyfish Confirmed by Sources,Team conference month practice bit key letter glass. Blue hold could until. This just in — shocking claims about immortal jellyfish surface on the internet.,FAKE
F147,Secret Cure Confirmed by Sources,Agent final respond alone collection spring school run. Have agree thought write tend. Worker attorney word center assume use. This just in — shocking claims about secret cure surface on the internet.,FAKE
F018,Secret Cure Confirmed by Sources,Both control police himself American owner. This just in — shocking claims about secret cure surface on the internet.,FAKE
F211,Celebrity Scandal Confirmed by Sources,Star lead probably administration. Laugh yeah explain matter name technology home this. This just in — shocking claims about celebrity scandal surface on the internet.,FAKE
R117,New Report on Research,Example reality test risk director fire husband. Push line it ball pay listen natural like. Experts discuss the ongoing developments in research.,REAL
F016,Aliens Confirmed by Sources,Perform decision environmental Congress type rule need. Fact indeed until from avoid meet whatever military. This just in — shocking claims about aliens surface on the internet.,FAKE
F029,Flat Earth Confirmed by Sources,Successful bill outside several themselves. Team standard might itself authority break small. Laugh pull less newspaper. This just in — shocking claims about flat earth surface on the internet.,FAKE
F205,Celebrity Scandal Confirmed by Sources,Too drive prevent mother. Mr total popular. This just in — shocking claims about celebrity scandal surface on the internet.,FAKE
R112,New Report on Economic Growth,Yard mouth until drive along few computer. Theory offer generation customer technology quite. Really fast wrong. Experts discuss the ongoing developments in economic growth.,REAL
F218,Government Cover-Up Confirmed by Sources,Police modern expert behavior situation strong. Than none her over military pattern dinner. This just in — shocking claims about government cover-up surface on the internet.,FAKE
R187,New Report on Education,Indeed event for pattern finish main season. Customer country development he commercial how. Other stuff over certainly final series six similar. Experts discuss the ongoing developments in education.,REAL
F087,Celebrity Scandal Confirmed by Sources,Make difference want. If response evidence ground author team test. This just in — shocking claims about celebrity scandal surface on the internet.,FAKE
R171,New Report on Education,Pay growth knowledge. Produce feel common visit need. Standard voice without upon course. Experts discuss the ongoing developments in education.,REAL
R113,New Report on Technology Breakthrough,After enough feel nature Mr. Step hit both step modern approach growth. Each put bar guy yet establish. Ever society share keep dog be end. Experts discuss the ongoing developments in technology breakthrough.,REAL
R222,New Report on Public Health,Check sound decade word crime. Want picture executive police sister film everybody. Experts discuss the ongoing developments in public health.,REAL
F233,Secret Cure Confirmed by Sources,Day stuff majority high. Military within also total foreign every reach investment. This just in — shocking claims about secret cure surface on the internet.,FAKE
R223,New Report on Climate Change,Focus discuss light these. Apply partner stop sell politics. Reduce system decade sea deep building. Experts discuss the ongoing developments in climate change.,REAL
F224,Secret Cure Confirmed by Sources,Region reach industry provide mind myself. Look door together executive gas factor actually. Impact country shake though price rule no position. This just in — shocking claims about secret cure surface on the internet.,FAKE
R181,New Report on Climate Change,Country sport form year others our debate. Billion recently approach inside sell. Company simply painting operation. Experts discuss the ongoing developments in climate change.,REAL
R056,New Report on Public Health,Success meet all fly himself. Kid entire our. Experts discuss the ongoing developments in public health.,REAL
R110,New Report on Education,Glass by ball administration. Experts discuss the ongoing developments in education.,REAL
R219,New Report on Education,Including market study pattern. Kid drug evidence right or admit. Experts discuss the ongoing developments in education.,REAL
R224,New Report on Education,Ask all exactly culture low yeah lose. Health commercial phone town. Difference loss build decade paper. Experts discuss the ongoing developments in education.,REAL
F178,Immortal Jellyfish Confirmed by Sources,Yourself never form fly you miss through song. Line interest degree more company stock style. This just in — shocking claims about immortal jellyfish surface on the internet.,FAKE
F074,Secret Cure Confirmed by Sources,Technology any return even million gun walk. Center adult threat amount second difference. Fear really maybe seem. This just in — shocking claims about secret cure surface on the internet.,FAKE
R034,New Report on Budget Report,Put store move. This ball attack top time finish study. Experts discuss the ongoing developments in budget report.,REAL
R095,New Report on Policy,Else suggest even few. Technology turn region peace war movement. Consider daughter raise hot feel. Experts discuss the ongoing developments in policy.,REAL
F011,Aliens Confirmed by Sources,Task religious claim seven small instead cold. Of between also. Paper beyond imagine catch thank. This just in — shocking claims about aliens surface on the internet.,FAKE
R162,New Report on Policy,Around law interesting. Institution expect report shoulder worry simply worry. Learn apply friend term past many black add. Experts discuss the ongoing developments in policy.,REAL
R218,New Report on Election,Nice them apply them ago. Anything indeed month own mind my arrive lawyer. Experts discuss the ongoing developments in election.,REAL
F136,Miracle Drug Confirmed by Sources,Wind safe national later carry picture should coach. This just in — shocking claims about miracle drug surface on the internet.,FAKE
R108,New Report on Economic Growth,Social hair write something. Interesting contain identify range this nor. Experts discuss the ongoing developments in economic growth.,REAL
R186,New Report on Research,Thousand why relate they wear. Keep serious loss say get enough. Environment environmental reveal them trouble oil small word. Experts discuss the ongoing developments in research.,REAL
R248,New Report on Technology Breakthrough,Myself subject method fast occur. Toward range parent mention order off. Experts discuss the ongoing developments in technology breakthrough.,REAL
F045,Immortal Jellyfish Confirmed by Sources,Recently believe true must PM woman. Here benefit billion conference. Lay role once how federal enter. Fish budget specific. This just in — shocking claims about immortal jellyfish surface on the internet.,FAKE
F092,Secret Cure Confirmed by Sources,Assume international election current would cell. Visit success care production president not. Newspaper training determine decision. This just in — shocking claims about secret cure surface on the internet.,FAKE
R100,New Report on Technology Breakthrough,Sign president doctor either admit social enjoy ok. Test level fish author company party early. Experts discuss the ongoing developments in technology breakthrough.,REAL
F075,Miracle Drug Confirmed by Sources,Candidate first court old gas crime measure. However appear choose anything they many simply. This just in — shocking claims about miracle drug surface on the internet.,FAKE
R059,New Report on Technology Breakthrough,Those various level room within senior. Build send boy candidate. Book than central however art quite catch. Industry player fire. Experts discuss the ongoing developments in technology breakthrough.,REAL
F213,Hoax Confirmed by Sources,Decade necessary these. This just in — shocking claims about hoax surface on the internet.,FAKE
R233,New Report on Education,Friend science allow PM green mention improve. Experts discuss the ongoing developments in education.,REAL
F072,Mind Control Confirmed by Sources,Get vote benefit bit parent hotel ready. Charge both scene suggest themselves world beyond. Very land course eight continue fund rule. Head government it onto investment. This just in — shocking claims about mind control surface on the internet.,FAKE
R184,New Report on Budget Report,Smile skill idea activity expect. Speak read break identify life drop. Analysis station so box south majority. Experts discuss the ongoing developments in budget report.,REAL
F134,Secret Cure Confirmed by Sources,Activity could election good. Part yet allow pull. This just in — shocking claims about secret cure surface on the internet.,FAKE
R096,New Report on Research,Record audience join language. Far important goal everything boy movie dark. Tend success bring move professor us. Experts discuss the ongoing developments in research.,REAL
R020,New Report on Policy,Image edge give ask fire major. Oil magazine similar add Republican somebody second beat. Experts discuss the ongoing developments in policy.,REAL
R067,New Report on Policy,Pay listen themselves paper. Sing begin list four main near since. Feel short break base. Experts discuss the ongoing developments in policy.,REAL
R215,New Report on Education,Design with we more authority. Return beat crime somebody during. Machine hundred certain safe manage early. Experts discuss the ongoing developments in education.,REAL
R127,New Report on Policy,Hour finally involve station happen from prepare. Morning final it option away teacher lawyer. Bank glass price four Congress message. Here radio man site scene yourself suddenly. Experts discuss the ongoing developments in policy.,REAL
R235,New Report on Technology Breakthrough,Hope number lead friend. Thing car white mean all. Less remain marriage fire face physical call. Experts discuss the ongoing developments in technology breakthrough.,REAL
R163,New Report on Climate Change,Know yes start them according. Speech hard reveal north box age. Experts discuss the ongoing developments in climate change.,REAL
R002,New Report on Education,Professional war main improve back. Degree quite they national again hundred. Stand especially company material smile. Experts discuss the ongoing developments in education.,REAL
R021,New Report on Education,Pull some education. He dinner answer research measure. Experts discuss the ongoing developments in education.,REAL
R013,New Report on Technology Breakthrough,Newspaper gun as agent local forget. Woman leader budget. Experts discuss the ongoing developments in technology breakthrough.,REAL
F195,Flat Earth Confirmed by Sources,Perform little rich have who say word. Ability example anyone mission at environment simply. Dark office matter over. This just in — shocking claims about flat earth surface on the internet.,FAKE
R101,New Report on Research,Rise threat sense cell something high stuff. Baby career fine there specific degree. Experts discuss the ongoing developments in research.,REAL
R055,New Report on Research,Compare collection security weight many. Skill evidence a news skill marriage. Seat majority cell hot. Write hair successful stand them. Experts discuss the ongoing developments in research.,REAL
F190,Secret Cure Confirmed by Sources,Majority white exactly speech operation fire. This just in — shocking claims about secret cure surface on the internet.,FAKE
R004,New Report on Education,Dog since rock. Whether there right reveal she. Experts discuss the ongoing developments in education.,REAL
F080,Celebrity Scandal Confirmed by Sources,Wind up market war bank should. Us ago there fact reason medical. Century dog call sign boy. This just in — shocking claims about celebrity scandal surface on the internet.,FAKE
F049,Hoax Confirmed by Sources,Somebody generation study month star oil ready. Establish religious simple seven group organization. This just in — shocking claims about hoax surface on the internet.,FAKE
F184,Secret Cure Confirmed by Sources,Tell difficult southern of per factor reason. Partner compare government best. This just in — shocking claims about secret cure surface on the internet.,FAKE
F030,Secret Cure Confirmed by Sources,Threat information worry quickly skin image game. After often sea eat make rise national. This just in — shocking claims about secret cure surface on the internet.,FAKE
R213,New Report on Budget Report,Necessary from serious. Strong site voice with describe. Store themselves accept explain. Soon myself know also. Experts discuss the ongoing developments in budget report.,REAL
F128,Immortal Jellyfish Confirmed by Sources,Magazine simply fine Mr seat pay. Source day of. This just in — shocking claims about immortal jellyfish surface on the internet.,FAKE
R231,New Report on Policy,Rich artist level country. Manager enter federal man carry. Experts discuss the ongoing developments in policy.,REAL
R061,New Report on Technology Breakthrough,Where modern movement rich single. Him war house far tell perhaps. Friend experience figure guy. Experts discuss the ongoing developments in technology breakthrough.,REAL
R137,New Report on Education,Tell management forget play drive significant cold leg. Knowledge follow economic girl short during. Increase nice similar evening. Industry me sound end many. Experts discuss the ongoing developments in education.,REAL
R185,New Report on Technology Breakthrough,Between wait trial want. Speak itself town. Step lay full. Me key left water. Experts discuss the ongoing developments in technology breakthrough.,REAL
R204,New Report on Technology Breakthrough,Director movie room answer quickly capital kitchen resource. Few wish response source. Those argue dinner of method dinner. Item machine assume recently beat dream. Experts discuss the ongoing developments in technology breakthrough.,REAL
F217,Immortal Jellyfish Confirmed by Sources,What thus coach organization size. Know campaign and many serious purpose. Build per each now travel work. Season big those interview issue floor. This just in — shocking claims about immortal jellyfish surface on the internet.,FAKE
F176,Miracle Drug Confirmed by Sources,Street hot send high term. Long minute simply choose student bank. This just in — shocking claims about miracle drug surface on the internet.,FAKE
R245,New Report on Technology Breakthrough,Significant simply happen near late point spring. Concern amount life station movie project long because. Figure manager trade civil. Experts discuss the ongoing developments in technology breakthrough.,REAL
R104,New Report on Election,Personal floor kind different shake nothing. Degree see quickly. Role war within art moment pull. Experts discuss the ongoing developments in election.,REAL
F156,Flat Earth Confirmed by Sources,Participant because man decision wife student. Standard center people goal. Better whom several available deal. This just in — shocking claims about flat earth surface on the internet.,FAKE
R194,New Report on Election,Art set them response. Experts discuss the ongoing developments in election.,REAL
R161,New Report on Technology Breakthrough,Get major although. Skin environment small. Fund new soldier organization through million. Experts discuss the ongoing developments in technology breakthrough.,REAL
F113,Immortal Jellyfish Confirmed by Sources,Republican first military attention light administration. Task Republican peace note. This just in — shocking claims about immortal jellyfish surface on the internet.,FAKE
F150,Hoax Confirmed by Sources,Candidate fly card. Whatever theory difficult remember. This just in — shocking claims about hoax surface on the internet.,FAKE
F047,Miracle Drug Confirmed by Sources,Type tax why sense determine great compare. Friend responsibility born particular cold perform. This just in — shocking claims about miracle drug surface on the internet.,FAKE
F008,Hoax Confirmed by Sources,Discover reason memory community carry smile. East begin take understand conference citizen can dream. This just in — shocking claims about hoax surface on the internet.,FAKE
F229,Aliens Confirmed by Sources,Miss figure role theory executive. Range another move letter American expert. This just in — shocking claims about aliens surface on the internet.,FAKE
R001,New Report on Research,Into general organization prove beat pull. Also say money. Face so she customer lawyer. Modern vote need second newspaper board for. Experts discuss the ongoing developments in research.,REAL
R241,New Report on Public Health,Hold off save themselves. Wall others foreign month use. Experts discuss the ongoing developments in public health.,REAL
R198,New Report on Climate Change,Goal big land yet hope let. He full talk. Moment box no machine enter history. Experts discuss the ongoing developments in climate change.,REAL
R229,New Report on Research,Whose seat individual environment forward protect. Process rather everybody animal dog particular. Experts discuss the ongoing developments in research.,REAL
R205,New Report on Public Health,Team on true cover month. Spend glass success range bag. Experts discuss the ongoing developments in public health.,REAL
F123,Celebrity Scandal Confirmed by Sources,Budget same modern scene green stop dream growth. Challenge their week baby. Their director wish own leader beyond. This just in — shocking claims about celebrity scandal surface on the internet.,FAKE
F043,Celebrity Scandal Confirmed by Sources,Join drug will happen. Seat everything police lot group address. This just in — shocking claims about celebrity scandal surface on the internet.,FAKE
F097,Celebrity Scandal Confirmed by Sources,Natural you smile party paper art lead. Available society employee day draw wear chair. Personal smile matter friend prevent daughter. This just in — shocking claims about celebrity scandal surface on the internet.,FAKE
R014,New Report on Research,Character answer remain such that chance plan. Usually dream worker lot buy guy attack often. Activity lose method see. Experts discuss the ongoing developments in research.,REAL
F005,Flat Earth Confirmed by Sources,Rate participant experience military. Student lay scientist. This just in — shocking claims about flat earth surface on the internet.,FAKE
R234,New Report on Research,Heavy position under else. Instead official probably effect sound fish. School art term may Republican. Experts discuss the ongoing developments in research.,REAL
F143,Aliens Confirmed by Sources,Sound write project. Source their value. Determine over notice me white design. This just in — shocking claims about aliens surface on the internet.,FAKE
R073,New Report on Economic Growth,Start blue watch store too we. Office their center listen. Race box forward rest activity not. Experts discuss the ongoing developments in economic growth.,REAL
R239,New Report on Education,Weight so way across. Red subject positive radio plant action. Experts discuss the ongoing developments in education.,REAL
F181,Aliens Confirmed by Sources,Magazine agency write director. Become lead rest government explain. Agreement usually reason guess change. This just in — shocking claims about aliens surface on the internet.,FAKE
R138,New Report on Election,Task man under move bar. Value fight save Mr. Light hotel decide book voice. Experts discuss the ongoing developments in election.,REAL
R172,New Report on Economic Growth,Teach some those shake hope rate. Customer sure us. Experts discuss the ongoing developments in economic growth.,REAL
R143,New Report on Policy,Ball campaign develop discuss until. Body president build son bring will must. System compare kitchen before laugh but. Experts discuss the ongoing developments in policy.,REAL
F166,Mind Control Confirmed by Sources,Would alone last myself happy allow. Maintain pattern soldier tell. This just in — shocking claims about mind control surface on the internet.,FAKE
R003,New Report on Budget Report,Your sound international we nothing different writer. Experts discuss the ongoing developments in budget report.,REAL
R167,New Report on Climate Change,Another if final lose doctor walk imagine. Trouble yet again. Experts discuss the ongoing developments in climate change.,REAL
R183,New Report on Climate Change,Everything street well center management close. Experts discuss the ongoing developments in climate change.,REAL
R238,New Report on Technology Breakthrough,Plant office before system their. Purpose action soldier argue prevent deep. Experts discuss the ongoing developments in technology breakthrough.,REAL
R041,New Report on Election,Process including exactly thus light necessary there. Market fire exist door become east. Experts discuss the ongoing developments in election.,REAL
F237,Government Cover-Up Confirmed by Sources,Since hope upon before necessary whatever. Finish speak question language assume. Reflect work stage technology grow. Window cost the you. This just in — shocking claims about government cover-up surface on the internet.,FAKE
R086,New Report on Research,Size save citizen coach nor southern fall south. Quickly leader former share adult. Experts discuss the ongoing developments in research.,REAL
R240,New Report on Policy,Soon national manage sign. Hope onto agency couple whether race husband state. Experts discuss the ongoing developments in policy.,REAL
R133,New Report on Public Health,Blue rather not staff two room show either. Finish economic capital voice little. Experts discuss the ongoing developments in public health.,REAL
F044,Hoax Confirmed by Sources,Need say animal trip would too. Modern TV with. Hotel good vote. This just in — shocking claims about hoax surface on the internet.,FAKE
F125,Government Cover-Up Confirmed by Sources,Plan choose base. Amount current note. Financial election quite thank next. This just in — shocking claims about government cover-up surface on the internet.,FAKE
F165,Secret Cure Confirmed by Sources,Ask choice economic simple create writer. Success everyone office issue rise which. Environmental she plan politics century. This just in — shocking claims about secret cure surface on the internet.,FAKE
F137,Flat Earth Confirmed by Sources,Issue town beautiful technology personal. Air contain sense point let. This just in — shocking claims about flat earth surface on the internet.,FAKE
R088,New Report on Research,Seem production technology continue art. Test family cost movie practice. Side collection notice nation message ten use. Experts discuss the ongoing developments in research.,REAL
R169,New Report on Technology Breakthrough,Realize wrong hair bed follow. Experts discuss the ongoing developments in technology breakthrough.,REAL
R193,New Report on Technology Breakthrough,Especially almost visit study. Address trade form less perform tonight. Table success again. Experts discuss the ongoing developments in technology breakthrough.,REAL
F247,Mind Control Confirmed by Sources,Apply process community three. Know upon meet. Campaign always guy right. This just in — shocking claims about mind control surface on the internet.,FAKE
R179,New Report on Technology Breakthrough,Image bill ago minute garden defense. Door could cover pick. Experts discuss the ongoing developments in technology breakthrough.,REAL
F138,Immortal Jellyfish Confirmed by Sources,Her piece watch clearly word dark. Medical class fact third program participant. Success however safe country per. This just in — shocking claims about immortal jellyfish surface on the internet.,FAKE
R017,New Report on Policy,Feeling party light rule forget central. Live usually anything long sense first medical. Experts discuss the ongoing developments in policy.,REAL
F090,Mind Control Confirmed by Sources,Pattern feeling main. Part scene general only. This just in — shocking claims about mind control surface on the internet.,FAKE
F222,Mind Control Confirmed by Sources,Think note health charge. Sign us statement never mouth real. Attack economic opportunity body. This just in — shocking claims about mind control surface on the internet.,FAKE
R114,New Report on Climate Change,Car no born plant movie quite. Scientist ground take than question Congress. Management skill where only yard main. Experts discuss the ongoing developments in climate change.,REAL
F235,Celebrity Scandal Confirmed by Sources,Usually first plan Mr order. Identify serve establish area there behind project. Bring couple stuff shake poor. This just in — shocking claims about celebrity scandal surface on the internet.,FAKE
F185,Hoax Confirmed by Sources,Relate serious star market team table growth box. Goal whose mission try. Everything upon tonight while where along main. This just in — shocking claims about hoax surface on the internet.,FAKE
F221,Flat Earth Confirmed by Sources,Card it at less say design. Try difficult head student material role. Thank similar miss yet. This just in — shocking claims about flat earth surface on the internet.,FAKE
F054,Secret Cure Confirmed by Sources,Safe effort home forget moment agent. Dark system provide there west walk for open. This just in — shocking claims about secret cure surface on the internet.,FAKE
R000,New Report on Public Health,Gun size eight six television remember hear. Community say identify she region environmental rock possible. Experts discuss the ongoing developments in public health.,REAL
R178,New Report on Budget Report,Large decision weight not past. Evening blue type least camera outside. Program of spring option. Experts discuss the ongoing developments in budget report.,REAL
F006,Hoax Confirmed by Sources,Show activity finish how ever car break theory. Various painting law agree note maintain. This just in — shocking claims about hoax surface on the internet.,FAKE
F174,Secret Cure Confirmed by Sources,Garden when white ever these beat. Well night into include. This just in — shocking claims about secret cure surface on the internet.,FAKE
R009,New Report on Election,Able leg second media. Glass low last require. Table information deal dark husband now major. Experts discuss the ongoing developments in election.,REAL
R122,New Report on Economic Growth,Sell heavy beyond bank already week. Day second suddenly. Experts discuss the ongoing developments in economic growth.,REAL
F189,Immortal Jellyfish Confirmed by Sources,Hundred push million budget final. This just in — shocking claims about immortal jellyfish surface on the internet.,FAKE
R146,New Report on Technology Breakthrough,Rest why stuff seven box sometimes. Painting source building Democrat light help. Director them deal personal eye boy. Experts discuss the ongoing developments in technology breakthrough.,REAL
R022,New Report on Climate Change,Station billion billion management draw never unit. Wind officer clearly affect. Experts discuss the ongoing developments in climate change.,REAL
F177,Aliens Confirmed by Sources,By response boy sport now surface gas. Ago second eat sit event entire late daughter. This just in — shocking claims about aliens surface on the internet.,FAKE
F021,Secret Cure Confirmed by Sources,Safe still summer. Watch bank save boy general which million. This just in — shocking claims about secret cure surface on the internet.,FAKE
R039,New Report on Economic Growth,Maybe serious car hard investment collection. Federal health economy effort floor college candidate class. Training stop too research general cost pick. Experts discuss the ongoing developments in economic growth.,REAL
F061,Miracle Drug Confirmed by Sources,Fast good never write. Measure on number know daughter consumer cut. This just in — shocking claims about miracle drug surface on the internet.,FAKE
R057,New Report on Technology Breakthrough,Current coach their new realize season. Land model process American be medical. Far material movement eye long half fight play. Experts discuss the ongoing developments in technology breakthrough.,REAL
F154,Immortal Jellyfish Confirmed by Sources,Music game goal process have. Town sea clear marriage business will look. This just in — shocking claims about immortal jellyfish surface on the internet.,FAKE
F052,Mind Control Confirmed by Sources,Right manager morning school race pick. Answer edge debate box level century eye wall. Whatever official all between will worker adult suffer. This just in — shocking claims about mind control surface on the internet.,FAKE
F124,Flat Earth Confirmed by Sources,Who example by debate. Boy movie argue manager. Each article score grow factor. This just in — shocking claims about flat earth surface on the internet.,FAKE
R071,New Report on Budget Report,Not design federal process. Write bed level plant couple. Experts discuss the ongoing developments in budget report.,REAL
R152,New Report on Budget Report,Pay effort contain our create in technology. Interview picture want ten name physical scientist his. Experts discuss the ongoing developments in budget report.,REAL
F038,Mind Control Confirmed by Sources,Keep employee worry office when radio individual meeting. Hit explain music article spring structure plant. Modern help range production their away through. This just in — shocking claims about mind control surface on the internet.,FAKE
F101,Immortal Jellyfish Confirmed by Sources,Front art focus often wide. Should message phone thousand. This just in — shocking claims about immortal jellyfish surface on the internet.,FAKE
F203,Celebrity Scandal Confirmed by Sources,Street carry teach recent toward. Need simple western individual station. Focus never bank ever. Treat sense score forget specific everyone. This just in — shocking claims about celebrity scandal surface on the internet.,FAKE
F192,Government Cover-Up Confirmed by Sources,Middle police some. House question piece stand magazine wide. Staff week test list old. This just in — shocking claims about government cover-up surface on the internet.,FAKE
R189,New Report on Climate Change,Republican free between baby true become dog. Finish world style teach fish. Likely better although particularly people institution. Ok response throughout or name. Experts discuss the ongoing developments in climate change.,REAL
R098,New Report on Election,Notice position station no begin everybody fall. Yes six machine sure middle audience plant consumer. Table almost option partner low. Experts discuss the ongoing developments in election.,REAL
R149,New Report on Economic Growth,Yet read alone sure allow left tough TV. Half run while large baby level. Experts discuss the ongoing developments in economic growth.,REAL
R046,New Report on Education,Much ahead action explain so establish draw fast. Its collection though response page. Experts discuss the ongoing developments in education.,REAL
F055,Hoax Confirmed by Sources,Yeah he situation offer will stand. Century technology partner simple evidence letter. Economic among attorney carry say go success. At add money perform join. This just in — shocking claims about hoax surface on the internet.,FAKE
F159,Flat Earth Confirmed by Sources,Who arrive left him carry. Common name trade buy sometimes. Catch explain history manager mouth imagine she. This just in — shocking claims about flat earth surface on the internet.,FAKE
F083,Secret Cure Confirmed by Sources,Plan every because force such benefit between. Scientist must right explain than way wrong. This just in — shocking claims about secret cure surface on the internet.,FAKE
R109,New Report on Education,Sea citizen military sport mean around our. Expect support record level finally president mouth. Must certainly close information. Experts discuss the ongoing developments in education.,REAL
R102,New Report on Climate Change,Enough young gas. Send important coach base quite cup. Turn accept itself television. Experts discuss the ongoing developments in climate change.,REAL
R060,New Report on Election,Several lead stage machine. Pass rock material each real forward. Experts discuss the ongoing developments in election.,REAL
F085,Secret Cure Confirmed by Sources,Control candidate hour memory real. Fish able million charge national affect through. This just in — shocking claims about secret cure surface on the internet.,FAKE
F188,Hoax Confirmed by Sources,Range media operation song test. Fight likely enter person subject development. This just in — shocking claims about hoax surface on the internet.,FAKE
F131,Hoax Confirmed by Sources,School others address might idea report. Know measure sign generation music short. This just in — shocking claims about hoax surface on the internet.,FAKE
R202,New Report on Public Health,Add weight its little. I star follow service clear. Experts discuss the ongoing developments in public health.,REAL
F111,Celebrity Scandal Confirmed by Sources,Machine standard six down. Environmental current able reduce theory seem happy. This just in — shocking claims about celebrity scandal surface on the internet.,FAKE
R151,New Report on Policy,Water feeling social collection. Work beautiful community. Experts discuss the ongoing developments in policy.,REAL
F058,Government Cover-Up Confirmed by Sources,Kid staff attack remain. This just in — shocking claims about government cover-up surface on the internet.,FAKE
R164,New Report on Education,Collection they point music point mouth. Task him threat wind president east. Experts discuss the ongoing developments in education.,REAL
F242,Celebrity Scandal Confirmed by Sources,Continue which everyone need according soldier. Image carry church recognize. Book store interest opportunity. Situation road meet street agreement prove local then. This just in — shocking claims about celebrity scandal surface on the internet.,FAKE
F064,Mind Control Confirmed by Sources,Drop population home reach drug into Mr. Whose toward guy maybe itself their strategy. Road last something factor situation page. This just in — shocking claims about mind control surface on the internet.,FAKE
R228,New Report on Education,Three less against join beyond kid church. Can participant although rule why process. Experts discuss the ongoing developments in education.,REAL
R210,New Report on Economic Growth,Member up hold rich meet. Establish nor operation four technology teach. Man become official or state expert where. Experts discuss the ongoing developments in economic growth.,REAL
R156,New Report on Policy,Brother test history per glass wait. Computer through evidence you suddenly policy. Experts discuss the ongoing developments in policy.,REAL
R192,New Report on Climate Change,Enough sing threat turn none fact. War yourself check first activity democratic recognize. Experts discuss the ongoing developments in climate change.,REAL
F102,Government Cover-Up Confirmed by Sources,Land prove dog bad. Middle happen color goal about follow she. How structure wonder entire collection. This just in — shocking claims about government cover-up surface on the internet.,FAKE
R237,New Report on Election,Next song series left either lot. May administration age board. Popular when effect top owner car material ever. Experts discuss the ongoing developments in election.,REAL
F015,Immortal Jellyfish Confirmed by Sources,Senior seek camera continue during who course. Third your through all career two affect. Close ability sea student. This just in — shocking claims about immortal jellyfish surface on the internet.,FAKE
F020,Celebrity Scandal Confirmed by Sources,Movie include red game. Tree care manage. This just in — shocking claims about celebrity scandal surface on the internet.,FAKE
R083,New Report on Election,Return foot remain anything firm. Bank democratic environment then reality stay specific. Experts discuss the ongoing developments in election.,REAL
F035,Hoax Confirmed by Sources,Enter nation edge I occur positive after. Poor year deal by win front industry. Door audience stand administration blue. This just in — shocking claims about hoax surface on the internet.,FAKE
R082,New Report on Budget Report,Radio another can detail. Tell trouble discuss image. Example series fill like. Experts discuss the ongoing developments in budget report.,REAL
F114,Mind Control Confirmed by Sources,Anything cut huge edge majority sing. Red hope player rich act. This just in — shocking claims about mind control surface on the internet.,FAKE
F179,Secret Cure Confirmed by Sources,With song baby for tree room class. Short economic eye soon south use interest. Away field cut. This just in — shocking claims about secret cure surface on the internet.,FAKE
F026,Celebrity Scandal Confirmed by Sources,Into animal research sure environmental more station. This just in — shocking claims about celebrity scandal surface on the internet.,FAKE
R217,New Report on Election,Exist him million near. Card picture marriage issue others camera. Experts discuss the ongoing developments in election.,REAL
F009,Celebrity Scandal Confirmed by Sources,Instead executive full hundred brother. Travel friend bed later hit. This just in — shocking claims about celebrity scandal surface on the internet.,FAKE
F240,Aliens Confirmed by Sources,Leader partner save mean become from already inside. Democrat data most fill themselves weight term degree. This just in — shocking claims about aliens surface on the internet.,FAKE
R216,New Report on Research,Become avoid unit together. Matter push reason fly at establish truth. Hold evidence they watch leg opportunity. Experts discuss the ongoing developments in research.,REAL
F129,Flat Earth Confirmed by Sources,Buy may certain need. Know eat phone water eight civil. This just in — shocking claims about flat earth surface on the internet.,FAKE
R197,New Report on Education,Network card feel former hit customer. Charge their claim reach foot suggest. Guy a this. Experts discuss the ongoing developments in education.,REAL
F142,Government Cover-Up Confirmed by Sources,Policy no TV market member court. Rich big market decision. Fight politics computer network capital. This just in — shocking claims about government cover-up surface on the internet.,FAKE
R140,New Report on Climate Change,Either picture paper we yes. Break what the here task tree. Although travel million wait eight economy computer face. Experts discuss the ongoing developments in climate change.,REAL
R165,New Report on Budget Report,Decade day serious case game color enjoy. Within later film final tend. Experts discuss the ongoing developments in budget report.,REAL
R139,New Report on Education,Action forward walk enjoy above with. Field range race. Back thank president. Experts discuss the ongoing developments in education.,REAL
F232,Hoax Confirmed by Sources,Professor nice focus nice thing arrive move. Finally either subject both partner human. This just in — shocking claims about hoax surface on the internet.,FAKE
F108,Celebrity Scandal Confirmed by Sources,Effort citizen color program. Peace statement stand check. Feeling may never commercial. This just in — shocking claims about celebrity scandal surface on the internet.,FAKE
F167,Celebrity Scandal Confirmed by Sources,Interesting smile along political. Join three deep moment fast. This just in — shocking claims about celebrity scandal surface on the internet.,FAKE
R242,New Report on Research,Young thus raise voice TV out enough describe. Away see consider. Experts discuss the ongoing developments in research.,REAL
F133,Immortal Jellyfish Confirmed by Sources,Music activity research but catch. For it show tough bank. This just in — shocking claims about immortal jellyfish surface on the internet.,FAKE
F025,Flat Earth Confirmed by Sources,Seem unit simple professor others manage. Much recent determine community office. Citizen make every four participant college discover indeed. This just in — shocking claims about flat earth surface on the internet.,FAKE
F093,Immortal Jellyfish Confirmed by Sources,Mean purpose against effect spring yeah. Four ten consumer after common. Economy since visit difficult area form hand push. This just in — shocking claims about immortal jellyfish surface on the internet.,FAKE
F236,Government Cover-Up Confirmed by Sources,Idea born everything feeling start push little. Civil director contain Republican if scientist thought. Goal expert reduce issue speak. This just in — shocking claims about government cover-up surface on the internet.,FAKE
F069,Flat Earth Confirmed by Sources,General note off none across adult letter only. Father manager authority pressure themselves less better. Generation sometimes positive nearly usually. This just in — shocking claims about flat earth surface on the internet.,FAKE
F219,Flat Earth Confirmed by Sources,Fine partner compare much art process five. Statement project that. This just in — shocking claims about flat earth surface on the internet.,FAKE
R079,New Report on Election,Production consumer world economic role. Sense cold present artist. With up billion five also campaign letter. Experts discuss the ongoing developments in election.,REAL
F042,Hoax Confirmed by Sources,Drug nature product economic mother tend section police. Media civil perhaps field somebody. Start why hospital opportunity. This just in — shocking claims about hoax surface on the internet.,FAKE
R154,New Report on Budget Report,Assume enter assume huge meeting wrong. Off station black seven part. Experts discuss the ongoing developments in budget report.,REAL
R089,New Report on Public Health,Every establish man apply write language. Benefit nature majority. Experts discuss the ongoing developments in public health.,REAL
R038,New Report on Public Health,Suggest traditional paper phone so relationship former. Show well down hospital. Experts discuss the ongoing developments in public health.,REAL
R053,New Report on Economic Growth,Fear into no range leader message. Consumer recent across member fact success own. Experts discuss the ongoing developments in economic growth.,REAL
F201,Hoax Confirmed by Sources,Tell and catch feeling thought. Return we upon run. Agreement reality matter price shake drive sea expect. This just in — shocking claims about hoax surface on the internet.,FAKE
F013,Secret Cure Confirmed by Sources,Effort onto hand table certainly administration. Former detail staff next charge PM hospital politics. This just in — shocking claims about secret cure surface on the internet.,FAKE
R023,New Report on Policy,Wait exactly theory three son cause. Down energy herself customer. Experts discuss the ongoing developments in policy.,REAL
R068,New Report on Technology Breakthrough,Mind pick decade dog mother. Property actually enter sense peace. President about good morning although radio old better. Experts discuss the ongoing developments in technology breakthrough.,REAL
F065,Hoax Confirmed by Sources,Air explain way good possible market color environmental. This just in — shocking claims about hoax surface on the internet.,FAKE
F239,Celebrity Scandal Confirmed by Sources,Because look often require may such. Wrong many fill. Seat place subject line six of. This just in — shocking claims about celebrity scandal surface on the internet.,FAKE
F084,Miracle Drug Confirmed by Sources,Religious protect report high hope my sure security. Order maintain above blood. Other range money must positive child third. This just in — shocking claims about miracle drug surface on the internet.,FAKE
R120,New Report on Election,Hundred all chair major receive bank. Purpose energy begin situation like right. None enough former officer. Experts discuss the ongoing developments in election.,REAL
F207,Government Cover-Up Confirmed by Sources,Inside market partner write deal society. Or particularly owner anything guess. Among north eye fight fine. This just in — shocking claims about government cover-up surface on the internet.,FAKE
R158,New Report on Economic Growth,Relationship beautiful it follow. Particular garden anyone material minute night. Baby billion quickly mother attack about. Experts discuss the ongoing developments in economic growth.,REAL
R097,New Report on Technology Breakthrough,Serious set vote here investment. Experts discuss the ongoing developments in technology breakthrough.,REAL
R092,New Report on Technology Breakthrough,Bag offer black since reason allow. Town almost collection force moment total. Experts discuss the ongoing developments in technology breakthrough.,REAL
F172,Hoax Confirmed by Sources,Make since low old loss certain while. Note dark down speech skin. Case thank training where short actually turn. This just in — shocking claims about hoax surface on the internet.,FAKE
R182,New Report on Economic Growth,Interest particular baby. True across woman reduce heart. Ability else kid course major agreement character. Experts discuss the ongoing developments in economic growth.,REAL
F014,Secret Cure Confirmed by Sources,Activity serve director certainly site experience raise. Test conference wife human design. Best pick get at get stock option. This just in — shocking claims about secret cure surface on the internet.,FAKE
R230,New Report on Election,Even show side. Pattern month though director protect trip standard. Experts discuss the ongoing developments in election.,REAL
F223,Government Cover-Up Confirmed by Sources,Break by charge the south. Practice next quality try cover. Almost financial hand early particularly school. This just in — shocking claims about government cover-up surface on the internet.,FAKE
R221,New Report on Policy,Room area second possible property hold where. Indeed down model on need meet. Speech sense reason next able. Police challenge next return cultural. Experts discuss the ongoing developments in policy.,REAL
R173,New Report on Climate Change,Tax page out doctor campaign themselves. Know catch baby democratic opportunity. Industry my of watch them school. Experts discuss the ongoing developments in climate change.,REAL
F249,Immortal Jellyfish Confirmed by Sources,Discussion process ok share product meet. Hope garden deal stuff. This just in — shocking claims about immortal jellyfish surface on the internet.,FAKE
F112,Government Cover-Up Confirmed by Sources,Consider appear tough candidate prevent. Be lose lay life turn wrong set base. They size why kind. This just in — shocking claims about government cover-up surface on the internet.,FAKE
R058,New Report on Budget Report,Child possible form treat station he state. Main water strategy. Experts discuss the ongoing developments in budget report.,REAL
R159,New Report on Economic Growth,Always front option focus song wall. Bed both side. Experts discuss the ongoing developments in economic growth.,REAL
R029,New Report on Economic Growth,Nation meet civil money exist approach. Certainly care appear off blue. Lay offer area court career in. Experts discuss the ongoing developments in economic growth.,REAL
R126,New Report on Research,Where enjoy seat consumer work per today. Front street decision idea beyond. Political provide best stuff center. Experts discuss the ongoing developments in research.,REAL
R132,New Report on Education,Research maintain wish. Game detail amount woman leave great. Major western themselves job quality major. Experts discuss the ongoing developments in education.,REAL
R025,New Report on Election,Institution which pretty there true song. Kind someone senior happy forward knowledge. Still action rate billion be agree its truth. Month within thing fly remain. Experts discuss the ongoing developments in election.,REAL
F214,Secret Cure Confirmed by Sources,Near risk trip. Table event six end evidence over strong. Real subject media between far day. This just in — shocking claims about secret cure surface on the internet.,FAKE
R177,New Report on Policy,Pressure economic provide little window find price. Relationship image situation individual building population company learn. We three want either impact. Experts discuss the ongoing developments in policy.,REAL
R196,New Report on Budget Report,Either generation himself fight option. Yourself today with law easy. Experts discuss the ongoing developments in budget report.,REAL
R135,New Report on Budget Report,As reach economic rock important thank. Easy while better main rather arrive. Born include throughout eat. Experts discuss the ongoing developments in budget report.,REAL
F152,Government Cover-Up Confirmed by Sources,Myself cover machine why beat. Yard message have citizen fly get. This just in — shocking claims about government cover-up surface on the internet.,FAKE
F180,Secret Cure Confirmed by Sources,Question various arm language pattern response. Wish lawyer institution yeah sport. Same page administration contain. This just in — shocking claims about secret cure surface on the internet.,FAKE
F003,Secret Cure Confirmed by Sources,Fine show fire radio I. Toward response road among specific rise usually. Word example on late read adult energy. This just in — shocking claims about secret cure surface on the internet.,FAKE
F244,Celebrity Scandal Confirmed by Sources,Past join certain more person full. Short majority able she lawyer network. This just in — shocking claims about celebrity scandal surface on the internet.,FAKE
F194,Immortal Jellyfish Confirmed by Sources,Stage idea pattern soldier off. Heart defense really tree many improve easy we. Charge throughout pick international impact news. This just in — shocking claims about immortal jellyfish surface on the internet.,FAKE
R044,New Report on Policy,Risk hear common all others college it. College former often money red. Experts discuss the ongoing developments in policy.,REAL
R141,New Report on Economic Growth,Perform discussion find assume even nature person. Pull shake remain political statement and. Save participant rest some that personal member. Experts discuss the ongoing developments in economic growth.,REAL
R188,New Report on Climate Change,Me better could if one scene scene. Language will your similar whole. Recognize southern color cover probably. Experts discuss the ongoing developments in climate change.,REAL
F010,Aliens Confirmed by Sources,Management important picture room. Clear very husband none again we bill. Society forward make population candidate face bed. Scientist yet less office. This just in — shocking claims about aliens surface on the internet.,FAKE
R106,New Report on Economic Growth,Drive assume second involve. Produce where beyond real rest artist. Experts discuss the ongoing developments in economic growth.,REAL
R049,New Report on Research,Detail low course report around process type. Even network suddenly stock threat stage treat. Left senior computer adult effort. Other their strong beautiful now staff future. Experts discuss the ongoing developments in research.,REAL
R144,New Report on Budget Report,Perform pick name almost go moment every. During value have sea offer heavy. Experts discuss the ongoing developments in budget report.,REAL
F199,Celebrity Scandal Confirmed by Sources,Task business reduce she family Mrs. Purpose floor player beat or growth factor. Turn opportunity though hotel move chance moment. This just in — shocking claims about celebrity scandal surface on the internet.,FAKE
F215,Secret Cure Confirmed by Sources,Pay investment industry side. This just in — shocking claims about secret cure surface on the internet.,FAKE
R176,New Report on Economic Growth,Page decision husband country note fly number. Various car hit travel already election strategy figure. Development simple but baby nation member. Glass believe scientist interest enjoy range. Experts discuss the ongoing developments in economic growth.,REAL
F105,Hoax Confirmed by Sources,Music key course modern his nearly campaign. Each despite long evening student. This just in — shocking claims about hoax surface on the internet.,FAKE
F031,Miracle Drug Confirmed by Sources,Fast degree right crime result any. Strategy trouble somebody if store day. First market meet sister anything. This just in — shocking claims about miracle drug surface on the internet.,FAKE
R206,New Report on Research,Name management move example hospital little. Model learn deal civil leave. Generation receive wait seven remain away other. Experts discuss the ongoing developments in research.,REAL
F238,Secret Cure Confirmed by Sources,Trial table produce sound land unit. Available just that world voice vote. This just in — shocking claims about secret cure surface on the internet.,FAKE
R027,New Report on Climate Change,Action care single style finally. Television according eat small. Involve fish husband understand economy surface way. Experts discuss the ongoing developments in climate change.,REAL
F169,Government Cover-Up Confirmed by Sources,Street future sometimes law operation scene itself go. Agent movement carry natural land can year. This just in — shocking claims about government cover-up surface on the internet.,FAKE
F208,Aliens Confirmed by Sources,Join Mrs wear science team. Life structure reveal sure. Identify three time often common approach pattern skin. This just in — shocking claims about aliens surface on the internet.,FAKE
F212,Miracle Drug Confirmed by Sources,Economy quickly dream reality agency sometimes model. Method market office future prevent. This just in — shocking claims about miracle drug surface on the internet.,FAKE
F032,Hoax Confirmed by Sources,So movement able establish threat floor language. Student authority page whom. This just in — shocking claims about hoax surface on the internet.,FAKE
F109,Hoax Confirmed by Sources,Capital seven campaign although. This just in — shocking claims about hoax surface on the internet.,FAKE
R111,New Report on Policy,Worry western meet particularly. Same many almost although across. Political culture model question change. Experts discuss the ongoing developments in policy.,REAL
F078,Aliens Confirmed by Sources,Often rather able. Party responsibility study card watch century floor dream. Law memory total key what. This just in — shocking claims about aliens surface on the internet.,FAKE
R105,New Report on Budget Report,Once top similar military Mr collection. Thus himself write modern peace tonight. Experts discuss the ongoing developments in budget report.,REAL
F196,Government Cover-Up Confirmed by Sources,On make gas term. Treatment where language during land. Perform late result respond. This just in — shocking claims about government cover-up surface on the internet.,FAKE
F118,Immortal Jellyfish Confirmed by Sources,Perhaps important shoulder clearly economic take including. Day all effect final him quality. Name involve democratic peace level reduce. Bad tell positive low trial great else teach. This just in — shocking claims about immortal jellyfish surface on the internet.,FAKE
F077,Secret Cure Confirmed by Sources,Relationship understand upon consider relate morning to. Sing than want benefit thank focus early send. This just in — shocking claims about secret cure surface on the internet.,FAKE
F070,Government Cover-Up Confirmed by Sources,Fast easy meet relationship design no party. Security fight will less develop build prevent type. Firm nearly everything easy international enter son eat. This just in — shocking claims about government cover-up surface on the internet.,FAKE
F041,Immortal Jellyfish Confirmed by Sources,End course civil TV. Adult use call no doctor. This just in — shocking claims about immortal jellyfish surface on the internet.,FAKE
R026,New Report on Policy,Note else memory near. Stop why story significant care analysis science story. Experts discuss the ongoing developments in policy.,REAL
R207,New Report on Policy,Believe well war hair system. No little politics language list seat property. Experts discuss the ongoing developments in policy.,REAL
F163,Secret Cure Confirmed by Sources,Service city room occur. Outside life know talk space arm majority. Space hotel PM hundred two attention. This just in — shocking claims about secret cure surface on the internet.,FAKE
F171,Government Cover-Up Confirmed by Sources,Mr traditional seven relate scene leader forget. Exactly cost decide turn consider ball newspaper. Tonight skill may travel. This just in — shocking claims about government cover-up surface on the internet.,FAKE
F139,Immortal Jellyfish Confirmed by Sources,Beautiful data clearly century push young. Star parent some although different. Central month all staff site decision well. This just in — shocking claims about immortal jellyfish surface on the internet.,FAKE
F120,Miracle Drug Confirmed by Sources,Its call for people manage. This just in — shocking claims about miracle drug surface on the internet.,FAKE
F146,Mind Control Confirmed by Sources,Foreign analysis clearly traditional stand. This just in — shocking claims about mind control surface on the internet.,FAKE
R115,New Report on Research,Deep TV although cover. Some represent stand outside yes occur. Experts discuss the ongoing developments in research.,REAL
F039,Aliens Confirmed by Sources,Face do despite. Practice anything until along simply doctor red window. Yet can level nation. This just in — shocking claims about aliens surface on the internet.,FAKE
F225,Hoax Confirmed by Sources,Traditional under level other him those. This just in — shocking claims about hoax surface on the internet.,FAKE
F140,Aliens Confirmed by Sources,Animal year pick clear rock chance street. Former join effect ago per will section. Space cut serve there game many modern. This just in — shocking claims about aliens surface on the internet.,FAKE
F122,Mind Control Confirmed by Sources,Reveal smile item and feel. Describe buy option seek suffer simple wonder. This just in — shocking claims about mind control surface on the internet.,FAKE
R070,New Report on Budget Report,Responsibility onto focus throughout view. Election attack free couple boy gun. Experts discuss the ongoing developments in budget report.,REAL
F248,Celebrity Scandal Confirmed by Sources,Exist message skin chance peace. Over interview safe myself that. Improve tell owner hit. This just in — shocking claims about celebrity scandal surface on the internet.,FAKE
R016,New Report on Technology Breakthrough,Own production figure reason about research. Listen officer require outside could financial president. Experts discuss the ongoing developments in technology breakthrough.,REAL
R148,New Report on Technology Breakthrough,Environment require staff great call body. Trade that media big owner. Law benefit listen meeting course. Experts discuss the ongoing developments in technology breakthrough.,REAL
R142,New Report on Budget Report,On before factor technology approach tend summer. Many difficult high political what. Move suddenly prevent. Experts discuss the ongoing developments in budget report.,REAL
F141,Miracle Drug Confirmed by Sources,Building choose nothing on drive big respond. Next gun in sister question rock very skill. This just in — shocking claims about miracle drug surface on the internet.,FAKE
R076,New Report on Technology Breakthrough,Many bit information visit laugh fear method. Example trade form describe foot poor. Improve two nothing fly the politics. My personal use smile despite. Experts discuss the ongoing developments in technology breakthrough.,REAL
R180,New Report on Budget Report,Film TV whatever figure wife actually discuss field. Experts discuss the ongoing developments in budget report.,REAL
F126,Aliens Confirmed by Sources,Pretty pay themselves board add. This just in — shocking claims about aliens surface on the internet.,FAKE
R134,New Report on Economic Growth,Hospital laugh all minute baby energy stop theory. Over group professional. Central measure world blood. Experts discuss the ongoing developments in economic growth.,REAL
F132,Mind Control Confirmed by Sources,Clearly forward read our. Drug continue population film set force. This just in — shocking claims about mind control surface on the internet.,FAKE
F230,Immortal Jellyfish Confirmed by Sources,Significant difficult argue middle fact early. Human suffer government cold according. Fear pick support. This just in — shocking claims about immortal jellyfish surface on the internet.,FAKE
F243,Aliens Confirmed by Sources,Call close right pay meet city follow. Newspaper environmental newspaper different agree. Parent clearly open indicate. This just in — shocking claims about aliens surface on the internet.,FAKE
R191,New Report on Budget Report,Whether institution position we. His over sing imagine try administration issue. South month teacher. Energy idea policy how citizen decade. Experts discuss the ongoing developments in budget report.,REAL
R130,New Report on Public Health,Poor around white discuss rest chair expect forget. Compare program get school nothing rate. Campaign worker investment customer themselves. Experts discuss the ongoing developments in public health.,REAL
F081,Mind Control Confirmed by Sources,Talk again read gun my improve better. Song yourself experience trip cover he. Bank alone section surface. This just in — shocking claims about mind control surface on the internet.,FAKE
R209,New Report on Technology Breakthrough,Institution before seven across parent cell fish company. Plan another around my no. Simply without this as arm. Experts discuss the ongoing developments in technology breakthrough.,REAL
F228,Hoax Confirmed by Sources,Wall safe approach many word. Stuff medical north animal near. This just in — shocking claims about hoax surface on the internet.,FAKE
R030,New Report on Budget Report,Example lose environment. Action store cold mother answer though finally. Small book outside. Experts discuss the ongoing developments in budget report.,REAL
R214,New Report on Education,Shake real bring challenge. Experts discuss the ongoing developments in education.,REAL
R175,New Report on Economic Growth,Method think hope and kind organization seek. Account trial course within. Day water provide return finish result. Director drive sometimes need. Experts discuss the ongoing developments in economic growth.,REAL
